Iteration,Biomass
0,0.018493372838034986
1,0.01849337284014743
2,0.018493372838036846
3,0.018493372838036194
4,0.01849337284014447
5,0.01849337283813283
6,0.01849337284011664
7,0.01849337283804253
8,0.018493372840118417
9,0.01849337283813021
10,0.018493372838134313
