model,consistency_score,range_precision_ratio_median,normalized_euclidean_dist,mean_to_mean_distance,jaccard_index,zero_overlaps
kinGEMs FVA,0.9347826086956522,248.3923191180382,0.643550296435552,5.186595716011176,0.03170057643087319,3
kinGEMs FVA (pre-tuning),0.4782608695652174,4.049895433209082,467.12642362534893,2.610843034302769,0.06407426346317517,24
Baseline GEM,0.9565217391304348,299.7663747416959,0.5957281217275867,6.525444045389223,0.028442966180902363,2
