model,consistency_score,range_precision_ratio_median,normalized_euclidean_dist,jaccard_index,zero_overlaps
COBRA FVA,0.9565217391304348,299.7663747417168,0.5957281217275867,0.028442966180902352,2
kinGEMs FVA (pre-tuning),0.4782608695652174,4.049895433209082,467.12642362534893,0.06407426346317517,24
kinGEMs FVA,0.9130434782608695,67.5978598495216,79.21215665646514,0.037304878502663376,4
