Iteration,Biomass
0,0.0139497530700358
1,0.0429229203617387
2,0.0701567096542214
3,0.0906697528770007
4,0.0862335154777256
5,0.122383926441962
6,0.144454529702352
7,0.165106220611733
8,0.180712178113151
9,0.196246959940506
10,0.203561412998137
