model,consistency_score,range_precision_ratio_median,normalized_euclidean_dist,jaccard_index,zero_overlaps
COBRA FVA,0.9565217391304348,299.76637474167876,0.5957281217275241,0.028442966180903494,2
kinGEMs FVA (pre-tuning),0.4782608695652174,4.049895433209082,467.12642362534893,0.06407426346317517,24
kinGEMs FVA,0.7608695652173914,18.952019718337652,264.3082559086197,0.06031918990237879,11
